0	CHEMBL435191
1	O94806
2	CHEMBL1999718
3	Q14012
4	CHEMBL1995927
5	Q9H4B4
6	CHEMBL1981410
7	P48730
8	CHEMBL1972250
9	P10721
10	CHEMBL130208
11	Q02156
12	CHEMBL1968705
13	Q9UQM7
14	CHEMBL1982465
15	P35968
16	CHEMBL2007064
17	P00533
18	CHEMBL1988153
19	O14757
20	CHEMBL1973711
21	P49840
22	CHEMBL259922
23	Q9HCP0
24	CHEMBL1987430
25	P45983
26	CHEMBL115220
27	Q96GD4
28	CHEMBL402846
29	Q16644
30	CHEMBL344314
31	P05771
32	CHEMBL2007559
33	CHEMBL2000354
34	Q7KZI7
35	CHEMBL2006276
36	CHEMBL1236126
37	O96017
38	CHEMBL1995765
39	Q04771
40	CHEMBL2001923
41	P22607
42	CHEMBL1976328
43	Q13188
44	CHEMBL2002450
45	CHEMBL2000071
46	Q13554
47	CHEMBL2000114
48	Q8NE63
49	CHEMBL2003657
50	P53350
51	CHEMBL1994040
52	CHEMBL1984363
53	Q7L7X3
54	CHEMBL1994321
55	P04629
56	CHEMBL1879463
57	O43293
58	CHEMBL1983884
59	Q9Y463
60	CHEMBL1242032
61	P48736
62	CHEMBL1966628
63	P12931
64	CHEMBL432130
65	Q05513
66	CHEMBL1989029
67	P30530
68	CHEMBL1970806
69	P07333
70	CHEMBL2000724
71	P29376
72	CHEMBL130163
73	P05129
74	CHEMBL2006439
75	P04626
76	CHEMBL1973211
77	Q00535
78	CHEMBL1983025
79	P08581
80	CHEMBL1682553
81	Q9NWZ3
82	CHEMBL1983449
83	Q9NYL2
84	CHEMBL1986590
85	Q13131
86	CHEMBL1975500
87	P07948
88	CHEMBL226471
89	O00418
90	CHEMBL1994538
91	Q8TDC3
92	CHEMBL2000029
93	CHEMBL1242666
94	P08631
95	CHEMBL1090360
96	CHEMBL1998121
97	P43405
98	CHEMBL413779
99	P68400
100	CHEMBL272888
101	P23443
102	CHEMBL1969523
103	CHEMBL1974416
104	O43781
105	CHEMBL1975357
106	P49760
107	CHEMBL116963
108	P17612
109	CHEMBL1978448
110	P53778
111	CHEMBL1976220
112	Q08881
113	CHEMBL1972346
114	P16234
115	CHEMBL1969372
116	Q9HAZ1
117	CHEMBL1984842
118	P06239
119	CHEMBL1981782
120	Q9HBH9
121	CHEMBL1965033
122	Q04759
123	CHEMBL26501
124	Q15139
125	CHEMBL202930
126	CHEMBL1980407
127	P08069
128	CHEMBL1994864
129	CHEMBL1996500
130	CHEMBL1967560
131	CHEMBL1969126
132	CHEMBL50894
133	CHEMBL378627
134	P36888
135	Q16620
136	CHEMBL1964692
137	O00311
138	CHEMBL1999811
139	CHEMBL1968590
140	CHEMBL526133
141	Q9H3Y6
142	CHEMBL1993374
143	P45984
144	CHEMBL468280
145	Q13237
146	CHEMBL1991410
147	Q16288
148	CHEMBL1977604
149	CHEMBL1998680
150	Q9UHD2
151	CHEMBL565612
152	P28482
153	CHEMBL1977619
154	O60674
155	CHEMBL1241579
156	P42338
157	Q9BXA7
158	CHEMBL377772
159	Q16539
160	CHEMBL1996587
161	Q9Y4K4
162	CHEMBL334064
163	CHEMBL380006
164	P54646
165	CHEMBL1990482
166	CHEMBL377383
167	P42679
168	CHEMBL396523
169	Q9P1W9
170	CHEMBL460702
171	CHEMBL1973363
172	Q13464
173	P49841
174	CHEMBL1982874
175	Q96KB5
176	CHEMBL2000508
177	Q86V86
178	CHEMBL2005112
179	P27448
180	CHEMBL209148
181	CHEMBL1999321
182	P49137
183	CHEMBL52387
184	CHEMBL1997129
185	CHEMBL1996817
186	CHEMBL1991725
187	P08922
188	CHEMBL214329
189	P06493
190	CHEMBL2001641
191	CHEMBL1985074
192	P11309
193	O15111
194	CHEMBL1984711
195	P31749
196	CHEMBL1996979
197	P51957
198	CHEMBL289959
199	CHEMBL1774056
200	P24941
201	CHEMBL1242852
202	CHEMBL1985580
203	P06213
204	CHEMBL2003638
205	CHEMBL2003768
206	CHEMBL2003817
207	CHEMBL1650545
208	CHEMBL207246
209	CHEMBL1982122
210	CHEMBL483158
211	P17948
212	CHEMBL583187
213	O75582
214	CHEMBL2004872
215	CHEMBL1989265
216	CHEMBL2004419
217	P51955
218	O15075
219	Q9Y6M4
220	CHEMBL1964644
221	Q13153
222	CHEMBL2003456
223	Q9H2G2
224	CHEMBL1949855
225	CHEMBL1969755
226	Q13976
227	CHEMBL1991285
228	Q16513
229	CHEMBL54382
230	CHEMBL519697
231	CHEMBL1727312
232	Q9HBY8
233	CHEMBL1164180
234	CHEMBL8095
235	P41743
236	CHEMBL1972489
237	P48729
238	CHEMBL1998585
239	CHEMBL1965170
240	CHEMBL1966816
241	P49336
242	Q5S007
243	CHEMBL1967720
244	CHEMBL1991138
245	P51451
246	CHEMBL2006785
247	CHEMBL1999112
248	CHEMBL1991063
249	CHEMBL1968151
250	CHEMBL1971245
251	CHEMBL2006674
252	Q05397
253	CHEMBL1993424
254	P51812
255	P51817
256	CHEMBL338944
257	CHEMBL2002479
258	CHEMBL183844
259	Q9UBE8
260	CHEMBL2333445
261	CHEMBL1979357
262	P52333
263	CHEMBL1980297
264	Q06418
265	CHEMBL1988437
266	CHEMBL207400
267	CHEMBL1988838
268	Q9UM73
269	CHEMBL1971029
270	CHEMBL1982361
271	P78368
272	CHEMBL1986943
273	CHEMBL1996155
274	CHEMBL447602
275	CHEMBL447974
276	Q05655
277	CHEMBL1989471
278	CHEMBL1979773
279	P36507
280	Q14680
281	CHEMBL2001485
282	Q13557
283	CHEMBL2002723
284	CHEMBL223460
285	CHEMBL1969664
286	CHEMBL262433
287	P29317
288	P00519
289	CHEMBL1983923
290	P50613
291	CHEMBL223257
292	P06241
293	CHEMBL101311
294	CHEMBL574613
295	CHEMBL1929238
296	CHEMBL1984788
297	CHEMBL1964777
298	CHEMBL1997846
299	CHEMBL1964444
300	CHEMBL1994241
301	CHEMBL1990885
302	P34947
303	CHEMBL244378
304	CHEMBL1980391
305	Q9BZL6
306	CHEMBL2006778
307	CHEMBL1974998
308	CHEMBL2004692
309	CHEMBL422897
310	CHEMBL1984700
311	CHEMBL2002099
312	CHEMBL207253
313	CHEMBL1997534
314	CHEMBL338155
315	CHEMBL2007044
316	CHEMBL1982957
317	Q5VT25
318	CHEMBL1965910
319	CHEMBL1973395
320	CHEMBL2001920
321	CHEMBL207130
322	O75116
323	CHEMBL2001239
324	CHEMBL249282
325	CHEMBL326282
326	CHEMBL2004513
327	O95819
328	CHEMBL1993243
329	Q96PF2
330	Q13882
331	P09619
332	CHEMBL139517
333	P24723
334	CHEMBL1987034
335	Q9Y243
336	CHEMBL1983932
337	CHEMBL1992937
338	O00444
339	CHEMBL1987054
340	CHEMBL1682552
341	CHEMBL1966524
342	CHEMBL2007592
343	CHEMBL2005828
344	CHEMBL1242749
345	CHEMBL80121
346	P67870
347	CHEMBL1966703
348	P51617
349	CHEMBL1982700
350	CHEMBL2005792
351	O96013
352	CHEMBL1825138
353	CHEMBL1992922
354	CHEMBL2002660
355	CHEMBL1967887
356	Q13555
357	CHEMBL1995172
358	CHEMBL1967564
359	CHEMBL1976090
360	Q12851
361	CHEMBL1996795
362	CHEMBL1983963
363	CHEMBL2007097
364	CHEMBL312170
365	CHEMBL1992242
366	CHEMBL2001019
367	Q07912
368	CHEMBL258805
369	CHEMBL1991782
370	CHEMBL395427
371	CHEMBL1964399
372	CHEMBL2312303
373	O00141
374	CHEMBL1999414
375	CHEMBL1970369
376	CHEMBL2006450
377	P50750
378	CHEMBL383246
379	CHEMBL1969042
380	CHEMBL1668419
381	P35916
382	CHEMBL2000481
383	O15264
384	CHEMBL1998470
385	CHEMBL1970340
386	CHEMBL1682357
387	CHEMBL1823221
388	CHEMBL1973860
389	CHEMBL1992740
390	CHEMBL1979057
391	CHEMBL1972840
392	CHEMBL253969
393	CHEMBL267941
394	CHEMBL1972584
395	CHEMBL1993584
396	CHEMBL482538
397	CHEMBL1985723
398	CHEMBL1972158
399	CHEMBL1972221
400	CHEMBL1988594
401	CHEMBL1987679
402	CHEMBL1997349
403	CHEMBL2029060
404	CHEMBL1971801
405	O15530
406	CHEMBL1271642
407	Q9UGI9
408	CHEMBL1958401
409	CHEMBL1991846
410	CHEMBL1084546
411	CHEMBL1985206
412	CHEMBL364623
413	Q15759
414	CHEMBL1997822
415	CHEMBL2001751
416	CHEMBL1971021
417	CHEMBL2005631
418	CHEMBL1971430
419	P16591
420	CHEMBL2007372
421	CHEMBL460472
422	Q15078
423	CHEMBL2178352
424	CHEMBL443962
425	Q15303
426	CHEMBL1987007
427	CHEMBL1977634
428	CHEMBL2000104
429	CHEMBL2006765
430	P11362
431	CHEMBL272453
432	CHEMBL1682346
433	CHEMBL1614705
434	CHEMBL225519
435	CHEMBL2002586
436	CHEMBL398951
437	Q13627
438	CHEMBL45827
439	CHEMBL1974617
440	CHEMBL1972183
441	P53667
442	CHEMBL1973145
443	CHEMBL116070
444	CHEMBL1966175
445	CHEMBL1986869
446	CHEMBL2003286
447	CHEMBL1986855
448	CHEMBL1979718
449	CHEMBL1988163
450	CHEMBL2004365
451	CHEMBL1987982
452	CHEMBL1972125
453	CHEMBL1985681
454	CHEMBL1972568
455	Q9UEE5
456	CHEMBL482767
457	CHEMBL1977346
458	CHEMBL2005886
459	CHEMBL1978267
460	CHEMBL461139
461	CHEMBL1979883
462	CHEMBL1987261
463	CHEMBL1242658
464	Q04912
465	CHEMBL1973016
466	Q02750
467	CHEMBL306380
468	P42685
469	CHEMBL1975121
470	CHEMBL583144
471	CHEMBL2205426
472	CHEMBL597592
473	CHEMBL2006456
474	CHEMBL1972220
475	CHEMBL1992306
476	CHEMBL1987910
477	CHEMBL1991640
478	CHEMBL1085511
479	CHEMBL1087421
480	CHEMBL1964718
481	CHEMBL1982413
482	CHEMBL1979093
483	CHEMBL1970217
484	CHEMBL1985095
485	CHEMBL1980163
486	CHEMBL199210
487	CHEMBL1242373
488	CHEMBL1088633
489	CHEMBL1996831
490	CHEMBL576887
491	CHEMBL1983348
492	CHEMBL1970709
493	CHEMBL1994938
494	Q8N4C8
495	CHEMBL1993722
496	CHEMBL200381
497	CHEMBL1995813
498	CHEMBL1967116
499	CHEMBL1980178
500	CHEMBL576113
501	CHEMBL522785
502	CHEMBL1999714
503	CHEMBL1980167
504	CHEMBL1375640
505	CHEMBL2005478
506	CHEMBL1996780
507	O14965
508	CHEMBL1973516
509	CHEMBL1991818
510	CHEMBL1971141
511	CHEMBL1998112
512	CHEMBL1980995
513	O14920
514	CHEMBL1968606
515	CHEMBL1974328
516	CHEMBL1933551
517	CHEMBL1968850
518	CHEMBL1964687
519	CHEMBL1971943
520	CHEMBL103055
521	CHEMBL1983945
522	CHEMBL1974870
523	CHEMBL1995811
524	CHEMBL1970203
525	CHEMBL2000832
526	CHEMBL2005186
527	CHEMBL1082440
528	CHEMBL1986781
529	CHEMBL1989043
530	CHEMBL1980540
531	CHEMBL1994074
532	CHEMBL2004072
533	CHEMBL111779
534	CHEMBL1989834
535	CHEMBL1988995
536	CHEMBL243088
537	CHEMBL235157
538	CHEMBL223367
539	CHEMBL2003271
540	CHEMBL382638
541	CHEMBL1969561
542	CHEMBL1966842
543	CHEMBL1984760
544	CHEMBL1965589
545	P07332
546	CHEMBL2006188
547	CHEMBL246970
548	CHEMBL1986186
549	CHEMBL1979554
550	P31751
551	CHEMBL1987648
552	CHEMBL1975128
553	P07949
554	CHEMBL1242200
555	CHEMBL1983630
556	CHEMBL394619
557	CHEMBL2005699
558	CHEMBL1973868
559	CHEMBL2333365
560	CHEMBL78862
561	CHEMBL2031893
562	CHEMBL1086736
563	CHEMBL1996931
564	CHEMBL1969588
565	P29597
566	CHEMBL17370
567	CHEMBL1978271
568	CHEMBL2071457
569	CHEMBL2005449
570	CHEMBL1964413
571	CHEMBL1983575
572	CHEMBL1984847
573	CHEMBL1981720
574	CHEMBL1985406
575	Q9H2X6
576	CHEMBL519395
577	CHEMBL1996702
578	CHEMBL1976420
579	CHEMBL2004447
580	CHEMBL1983534
581	CHEMBL1682558
582	CHEMBL2003785
583	CHEMBL2046883
584	P04049
585	CHEMBL1996543
586	CHEMBL2003689
587	CHEMBL569880
588	CHEMBL1965836
589	CHEMBL1989474
590	CHEMBL2001547
591	CHEMBL335020
592	CHEMBL1996646
593	CHEMBL2000408
594	CHEMBL1973540
595	CHEMBL269538
596	CHEMBL1978166
597	CHEMBL276711
598	P43403
599	CHEMBL1975647
600	CHEMBL80793
601	CHEMBL234085
602	CHEMBL210963
603	CHEMBL1997335
604	CHEMBL1984191
605	P15735
606	CHEMBL1682358
607	CHEMBL1970104
608	CHEMBL2004311
609	CHEMBL1650533
610	Q16566
611	CHEMBL1974310
612	P42336
613	CHEMBL1986970
614	CHEMBL2000345
615	CHEMBL2005899
616	CHEMBL515982
617	CHEMBL1988717
618	CHEMBL2001288
619	CHEMBL1242377
620	CHEMBL602123
621	CHEMBL524266
622	CHEMBL1975233
623	CHEMBL2004871
624	CHEMBL453737
625	CHEMBL2000568
626	CHEMBL1983595
627	CHEMBL1993548
628	CHEMBL1980144
629	CHEMBL191336
630	CHEMBL1980896
631	CHEMBL1988300
632	CHEMBL1982924
633	CHEMBL1990415
634	Q96SB4
635	CHEMBL1968127
636	CHEMBL1978562
637	CHEMBL271381
638	CHEMBL1241863
639	CHEMBL1988608
640	CHEMBL387971
641	CHEMBL1996208
642	CHEMBL294653
643	CHEMBL1995736
644	CHEMBL1983393
645	CHEMBL340921
646	CHEMBL1242660
647	CHEMBL392642
648	CHEMBL1971149
649	CHEMBL1971186
650	CHEMBL1241945
651	Q9UBF8
652	CHEMBL57553
653	P22612
654	CHEMBL1990821
655	CHEMBL1988173
656	CHEMBL21156
657	Q14164
658	CHEMBL1964902
659	CHEMBL2006933
660	CHEMBL1984038
661	CHEMBL210887
662	CHEMBL1230122
663	CHEMBL1997051
664	CHEMBL86755
665	CHEMBL1986499
666	CHEMBL1997340
667	CHEMBL363648
668	CHEMBL1978099
669	CHEMBL371206
670	CHEMBL2000433
671	CHEMBL78464
672	CHEMBL1241490
673	O00329
674	CHEMBL583042
675	CHEMBL1980704
676	CHEMBL38380
677	CHEMBL1983589
678	CHEMBL1983640
679	Q06187
680	CHEMBL1990288
681	CHEMBL1682540
682	CHEMBL189963
683	CHEMBL1984296
684	CHEMBL1986265
685	CHEMBL75232
686	Q02763
687	CHEMBL1968791
688	CHEMBL2348417
689	P51813
690	CHEMBL210928
691	P22694
692	Q14289
693	CHEMBL1970083
694	CHEMBL377408
695	CHEMBL1975256
696	CHEMBL2004544
697	CHEMBL1979970
698	CHEMBL1974664
699	CHEMBL2017214
700	CHEMBL2005528
701	Q8IW41
702	CHEMBL256835
703	CHEMBL497151
704	CHEMBL2002446
705	CHEMBL1979318
706	CHEMBL1970903
707	CHEMBL407100
708	CHEMBL1966425
709	CHEMBL49120
710	CHEMBL1969879
711	CHEMBL432622
712	CHEMBL1933538
713	CHEMBL1988370
714	CHEMBL2005475
715	CHEMBL1981215
716	CHEMBL1990223
717	CHEMBL1972820
718	CHEMBL1982753
719	CHEMBL210618
720	CHEMBL1984044
721	CHEMBL1995448
722	CHEMBL539474
723	CHEMBL1984586
724	CHEMBL1995832
725	CHEMBL1242848
726	CHEMBL195029
727	CHEMBL1979855
728	CHEMBL1969735
729	CHEMBL1966514
730	CHEMBL210032
731	CHEMBL1992125
732	CHEMBL560813
733	Q9NR20
734	CHEMBL1973348
735	CHEMBL1242286
736	CHEMBL1997623
737	CHEMBL323336
738	CHEMBL211378
739	Q8IU85
740	CHEMBL80024
741	CHEMBL1982506
742	CHEMBL1977135
743	CHEMBL1992231
744	CHEMBL1980142
745	CHEMBL147986
746	CHEMBL1092754
747	CHEMBL1974288
748	CHEMBL1964937
749	CHEMBL1973793
750	CHEMBL1999931
751	CHEMBL2002407
752	CHEMBL437747
753	CHEMBL1164265
754	CHEMBL402548
755	CHEMBL97026
756	CHEMBL1682545
757	CHEMBL231209
758	CHEMBL1992634
759	CHEMBL261720
760	CHEMBL1997007
761	CHEMBL482967
762	CHEMBL2002373
763	CHEMBL2007151
764	CHEMBL327300
765	CHEMBL461876
766	CHEMBL1969049
767	CHEMBL1985566
768	CHEMBL1984686
769	CHEMBL1998829
770	CHEMBL1998545
771	CHEMBL1981107
772	CHEMBL504075
773	CHEMBL1964804
774	CHEMBL213451
775	CHEMBL1969156
776	CHEMBL196363
777	CHEMBL2004637
778	CHEMBL2002992
779	CHEMBL1965570
780	CHEMBL1998193
781	CHEMBL1081312
782	CHEMBL1983111
783	CHEMBL1993335
784	CHEMBL1969264
785	CHEMBL1988581
786	CHEMBL1992607
787	O43741
788	CHEMBL495727
789	CHEMBL1987073
790	CHEMBL2006237
791	CHEMBL444337
792	CHEMBL1976134
793	CHEMBL1270230
794	CHEMBL115531
795	CHEMBL1991143
796	CHEMBL46440
797	CHEMBL1375418
798	CHEMBL2006010
799	CHEMBL1990346
800	CHEMBL2004771
801	CHEMBL1986139
802	CHEMBL1996791
803	CHEMBL2002165
804	CHEMBL1966279
805	CHEMBL599428
806	CHEMBL1973937
807	CHEMBL1993996
808	CHEMBL1995211
809	CHEMBL1977128
810	CHEMBL1984039
811	CHEMBL1982541
812	CHEMBL493169
813	CHEMBL2002599
814	CHEMBL1516890
815	CHEMBL215803
816	CHEMBL262623
817	CHEMBL1987815
818	CHEMBL14217
819	CHEMBL207674
820	CHEMBL1985042
821	CHEMBL1967252
822	CHEMBL82137
823	CHEMBL2005548
824	CHEMBL1970189
825	CHEMBL99743
826	P21802
827	CHEMBL1964307
828	CHEMBL2007296
829	CHEMBL269557
830	P17252
831	CHEMBL2006299
832	CHEMBL458997
833	CHEMBL1981744
834	CHEMBL1996234
835	CHEMBL1966343
836	CHEMBL394790
837	CHEMBL50
838	CHEMBL1982866
839	CHEMBL2007002
840	CHEMBL1970142
841	CHEMBL2002480
842	CHEMBL2000271
843	CHEMBL451964
844	CHEMBL1967531
845	CHEMBL1991800
846	CHEMBL82136
847	CHEMBL358314
848	CHEMBL1982660
849	CHEMBL1998435
850	CHEMBL1964948
851	CHEMBL1981492
852	CHEMBL1985311
853	CHEMBL1975138
854	CHEMBL1987359
855	CHEMBL1973359
856	CHEMBL1982610
857	CHEMBL1983309
858	CHEMBL347537
859	CHEMBL2048912
860	CHEMBL208637
861	CHEMBL1241679
862	CHEMBL1975900
863	CHEMBL266255
864	CHEMBL2004118
865	CHEMBL1981725
866	CHEMBL1984432
867	CHEMBL404367
868	CHEMBL1971223
869	CHEMBL1967513
870	CHEMBL1972659
871	CHEMBL260135
872	CHEMBL2006263
873	CHEMBL459729
874	CHEMBL1977931
875	CHEMBL2006580
876	CHEMBL1992371
877	CHEMBL484390
878	CHEMBL513846
879	CHEMBL52654
880	CHEMBL1984236
881	CHEMBL1992342
882	CHEMBL2001224
883	CHEMBL263188
884	CHEMBL2002726
885	CHEMBL382823
886	P19784
887	CHEMBL1974875
888	CHEMBL1996576
889	CHEMBL1973013
890	CHEMBL1991434
891	CHEMBL1982992
892	CHEMBL1970522
893	CHEMBL78573
894	CHEMBL212968
895	CHEMBL1870106
896	CHEMBL220241
897	CHEMBL1967302
898	CHEMBL474432
899	CHEMBL1967094
900	CHEMBL370283
901	CHEMBL1997597
902	Q15418
903	CHEMBL1980246
904	CHEMBL209534
905	CHEMBL117697
906	CHEMBL1258913
907	CHEMBL1968130
908	CHEMBL1976455
909	CHEMBL1976290
910	CHEMBL2006715
911	CHEMBL1965631
912	CHEMBL437640
913	CHEMBL7064
914	P53779
915	CHEMBL1971947
916	CHEMBL1982711
917	CHEMBL1972937
918	CHEMBL1997025
919	CHEMBL1973893
920	CHEMBL1834657
921	CHEMBL600795
922	CHEMBL130049
923	CHEMBL1241299
924	CHEMBL2205766
925	P30291
926	CHEMBL318272
927	CHEMBL2006481
928	CHEMBL409349
929	CHEMBL491758
930	Q9BWU1
931	CHEMBL1981671
932	CHEMBL451401
933	CHEMBL412142
934	CHEMBL8223
935	P42684
936	CHEMBL1987793
937	CHEMBL466496
938	CHEMBL1967878
939	CHEMBL1965131
940	CHEMBL1241580
941	CHEMBL293750
942	CHEMBL102346
943	CHEMBL415049
944	Q96RR4
945	CHEMBL508928
946	CHEMBL1972849
947	CHEMBL1973138
948	CHEMBL1964382
949	CHEMBL2003420
950	CHEMBL1991734
951	CHEMBL1996066
952	CHEMBL1965169
953	CHEMBL1981511
954	CHEMBL1969502
955	CHEMBL1997503
956	CHEMBL1973961
957	CHEMBL2001149
958	CHEMBL1241485
959	CHEMBL1985092
960	CHEMBL406635
961	CHEMBL2003341
962	CHEMBL362558
963	CHEMBL7939
964	CHEMBL1241864
965	CHEMBL1933552
966	CHEMBL357892
967	CHEMBL1984500
968	CHEMBL1241487
969	CHEMBL1964290
970	CHEMBL1996111
971	CHEMBL1094408
972	CHEMBL358130
973	CHEMBL2005375
974	CHEMBL1976376
975	CHEMBL1242757
976	CHEMBL481491
977	CHEMBL1992536
978	CHEMBL2000335
979	CHEMBL606964
980	CHEMBL1381197
981	CHEMBL2001257
982	CHEMBL305178
983	CHEMBL2002682
984	CHEMBL1994438
985	CHEMBL1970879
986	CHEMBL1966808
987	CHEMBL386276
988	CHEMBL1234815
989	CHEMBL274064
990	CHEMBL1986603
991	CHEMBL84333
992	CHEMBL1095626
993	CHEMBL1989518
994	CHEMBL188386
995	CHEMBL265502
996	P78527
997	CHEMBL411903
998	CHEMBL380454
999	CHEMBL1990496
1000	CHEMBL523823
1001	CHEMBL1976093
1002	CHEMBL1975212
1003	CHEMBL2005936
1004	CHEMBL207037
1005	CHEMBL1241481
1006	CHEMBL494221
1007	CHEMBL249097
1008	CHEMBL1991356
1009	CHEMBL1241241
1010	CHEMBL505896
1011	CHEMBL1974157
1012	CHEMBL519982
1013	CHEMBL2003482
1014	CHEMBL1271532
1015	CHEMBL559147
1016	CHEMBL1988076
1017	CHEMBL1998611
1018	CHEMBL2004290
1019	CHEMBL296586
1020	CHEMBL1991395
1021	CHEMBL213505
1022	CHEMBL98721
1023	CHEMBL1998432
1024	CHEMBL522579
1025	CHEMBL2006493
1026	CHEMBL2006564
1027	CHEMBL1998110
1028	CHEMBL2006581
1029	CHEMBL316264
1030	CHEMBL373598
1031	CHEMBL2071201
1032	CHEMBL267019
1033	CHEMBL2312301
1034	CHEMBL597754
1035	CHEMBL1987998
1036	CHEMBL2004615
1037	CHEMBL2007266
1038	CHEMBL1983268
1039	CHEMBL1419458
1040	CHEMBL2332840
1041	CHEMBL129946
1042	CHEMBL1993413
1043	CHEMBL1998253
1044	CHEMBL277008
1045	CHEMBL1973142
1046	CHEMBL79004
1047	CHEMBL1983070
1048	CHEMBL1968380
1049	CHEMBL1967612
1050	CHEMBL1997617
1051	CHEMBL1986756
1052	CHEMBL1997872
1053	CHEMBL56983
1054	CHEMBL1989708
1055	CHEMBL1978167
1056	CHEMBL504950
1057	CHEMBL336626
1058	CHEMBL2004892
1059	CHEMBL242865
1060	CHEMBL411401
1061	CHEMBL1242113
1062	CHEMBL1988141
1063	CHEMBL1972258
1064	CHEMBL1981079
1065	CHEMBL1976732
1066	CHEMBL1991678
1067	CHEMBL375284
1068	CHEMBL1991728
1069	CHEMBL302449
1070	CHEMBL1999590
1071	CHEMBL1986177
1072	CHEMBL1241482
1073	P54760
1074	CHEMBL379835
1075	CHEMBL383541
1076	CHEMBL1968406
1077	CHEMBL1994318
1078	CHEMBL1982135
1079	CHEMBL1999496
1080	CHEMBL27852
1081	CHEMBL385478
1082	CHEMBL1999484
1083	CHEMBL2006836
1084	CHEMBL1973720
1085	CHEMBL212382
1086	CHEMBL1974803
1087	CHEMBL1991188
1088	CHEMBL226403
1089	CHEMBL68423
1090	CHEMBL1979577
1091	CHEMBL1992581
1092	CHEMBL1986851
1093	CHEMBL1988387
1094	CHEMBL2000078
1095	CHEMBL1966087
1096	CHEMBL500292
1097	CHEMBL1975490
1098	CHEMBL1241491
1099	CHEMBL266487
1100	CHEMBL1977749
1101	CHEMBL404366
1102	CHEMBL113
1103	CHEMBL1682546
1104	CHEMBL1978200
1105	CHEMBL1949789
1106	CHEMBL1987533
1107	CHEMBL1972583
1108	CHEMBL1173055
1109	CHEMBL8163
1110	CHEMBL1990583
1111	CHEMBL1242573
1112	CHEMBL1974457
1113	CHEMBL1290072
1114	CHEMBL1980562
1115	CHEMBL1982383
1116	CHEMBL1988692
1117	CHEMBL1241588
1118	P07947
1119	CHEMBL1965660
1120	CHEMBL2007479
1121	CHEMBL1986503
1122	CHEMBL379975
1123	CHEMBL2001957
1124	CHEMBL461140
1125	CHEMBL1970913
1126	CHEMBL428973
1127	CHEMBL1994830
1128	CHEMBL2000685
1129	CHEMBL1967544
1130	CHEMBL354676
1131	CHEMBL556684
1132	CHEMBL373798
1133	CHEMBL1969506
1134	CHEMBL207815
1135	CHEMBL112602
1136	CHEMBL483525
1137	CHEMBL1982980
1138	CHEMBL571040
1139	Q96RG2
1140	CHEMBL7929
1141	CHEMBL1993941
1142	CHEMBL1969190
1143	CHEMBL1979933
1144	CHEMBL1980802
1145	CHEMBL1242475
1146	CHEMBL1970317
1147	CHEMBL2148053
1148	P15056
1149	CHEMBL1972462
1150	CHEMBL2004438
1151	CHEMBL1970074
1152	CHEMBL1241473
1153	CHEMBL1978014
1154	CHEMBL1991377
1155	CHEMBL219722
1156	CHEMBL1973098
1157	CHEMBL1684800
1158	CHEMBL1969843
1159	CHEMBL2007421
1160	CHEMBL505637
1161	CHEMBL2001998
1162	CHEMBL112346
1163	CHEMBL2312290
1164	CHEMBL1971289
1165	CHEMBL1990904
1166	CHEMBL1916891
1167	CHEMBL1994808
1168	CHEMBL1975208
1169	CHEMBL1973483
1170	CHEMBL1975534
1171	CHEMBL1986530
1172	CHEMBL1986597
1173	CHEMBL1270795
1174	CHEMBL1979176
1175	CHEMBL546797
1176	CHEMBL199383
1177	CHEMBL387385
1178	CHEMBL190984
1179	CHEMBL1994724
1180	CHEMBL1971132
1181	CHEMBL1968245
1182	CHEMBL1971519
1183	CHEMBL143703
1184	CHEMBL1965845
1185	CHEMBL1994361
1186	CHEMBL1965988
1187	CHEMBL1997023
1188	CHEMBL1977681
1189	CHEMBL352085
1190	CHEMBL1996345
1191	CHEMBL1977148
1192	CHEMBL1159466
1193	CHEMBL1421720
1194	CHEMBL1966040
1195	CHEMBL1682345
1196	P42345
1197	CHEMBL424872
1198	CHEMBL1998414
1199	CHEMBL1979252
1200	CHEMBL1987448
1201	CHEMBL6246
1202	CHEMBL1271533
1203	CHEMBL1788116
1204	CHEMBL2002240
1205	CHEMBL1448
1206	CHEMBL299763
1207	P22455
1208	CHEMBL2000879
1209	CHEMBL590109
1210	CHEMBL561708
1211	CHEMBL1933582
1212	CHEMBL220057
1213	CHEMBL131193
1214	CHEMBL1983195
1215	CHEMBL339364
1216	CHEMBL1978195
1217	CHEMBL1995592
1218	CHEMBL1972276
1219	CHEMBL97796
1220	CHEMBL507936
1221	CHEMBL1984402
1222	CHEMBL336961
1223	CHEMBL1977134
1224	CHEMBL1980489
1225	CHEMBL1980253
1226	CHEMBL1472492
1227	CHEMBL265876
1228	CHEMBL1977138
1229	CHEMBL36985
1230	CHEMBL245769
1231	CHEMBL1993781
1232	CHEMBL1991429
1233	CHEMBL1971017
1234	CHEMBL602472
1235	CHEMBL83790
1236	CHEMBL1972934
1237	CHEMBL1738710
1238	CHEMBL230761
1239	CHEMBL335718
1240	CHEMBL2004355
1241	CHEMBL104264
1242	CHEMBL2006567
1243	CHEMBL1242202
1244	CHEMBL207995
1245	CHEMBL1242111
1246	CHEMBL1974702
1247	CHEMBL1890036
1248	CHEMBL1970352
1249	CHEMBL490555
1250	CHEMBL1975903
1251	CHEMBL1233887
1252	CHEMBL1987009
1253	CHEMBL1969301
1254	CHEMBL592030
1255	CHEMBL433855
1256	CHEMBL1965423
1257	CHEMBL565061
1258	CHEMBL1080994
1259	CHEMBL1965495
1260	CHEMBL1969537
1261	CHEMBL1991674
1262	Q9H0K1
1263	CHEMBL1966069
1264	CHEMBL1981045
1265	CHEMBL217090
1266	CHEMBL1996048
1267	CHEMBL1990912
1268	CHEMBL1682359
1269	CHEMBL322711
1270	CHEMBL1242567
1271	CHEMBL1972152
1272	CHEMBL2035810
1273	CHEMBL1095627
1274	CHEMBL370266
1275	CHEMBL1983980
1276	CHEMBL1989856
1277	CHEMBL1972339
1278	CHEMBL1738758
1279	Q9HC98
1280	CHEMBL1971694
1281	CHEMBL1989957
1282	CHEMBL1968926
1283	CHEMBL111889
1284	CHEMBL1970314
1285	CHEMBL57347
1286	CHEMBL1999506
1287	CHEMBL362588
1288	CHEMBL347684
1289	CHEMBL1983715
1290	CHEMBL1977713
1291	CHEMBL1980592
1292	CHEMBL1975787
1293	CHEMBL1242024
1294	CHEMBL488840
1295	CHEMBL2001987
1296	CHEMBL1986666
1297	CHEMBL1967998
1298	CHEMBL374581
1299	CHEMBL66031
1300	CHEMBL57366
1301	CHEMBL1984274
1302	CHEMBL325839
1303	CHEMBL55788
1304	CHEMBL1242662
1305	CHEMBL1242381
1306	CHEMBL208118
1307	CHEMBL1997759
1308	CHEMBL406845
1309	CHEMBL1976936
1310	CHEMBL132348
1311	CHEMBL69129
1312	CHEMBL1972988
1313	CHEMBL8036
1314	CHEMBL444864
1315	CHEMBL213423
1316	CHEMBL550418
1317	CHEMBL41783
1318	CHEMBL1969942
1319	CHEMBL56236
1320	CHEMBL1461728
1321	CHEMBL1989569
1322	CHEMBL1977814
1323	CHEMBL115769
1324	CHEMBL1998159
1325	Q9UGJ0
1326	CHEMBL52850
1327	CHEMBL380386
1328	CHEMBL1985367
1329	CHEMBL1242119
1330	CHEMBL1992363
1331	CHEMBL312676
1332	CHEMBL248757
1333	CHEMBL1968459
1334	CHEMBL104067
1335	CHEMBL1682360
1336	CHEMBL1986899
1337	CHEMBL516640
1338	CHEMBL2000429
1339	CHEMBL1242665
1340	CHEMBL177688
1341	CHEMBL141247
1342	CHEMBL2002613
1343	CHEMBL1233882
1344	CHEMBL1994693
1345	CHEMBL1271692
1346	CHEMBL127898
1347	CHEMBL1971649
1348	CHEMBL1241950
1349	CHEMBL2000894
1350	CHEMBL382408
1351	CHEMBL213743
1352	CHEMBL533849
1353	CHEMBL1999774
1354	CHEMBL163629
1355	CHEMBL1984162
1356	CHEMBL95812
1357	CHEMBL281957
1358	CHEMBL351282
1359	CHEMBL1993661
1360	CHEMBL2347053
1361	CHEMBL184847
1362	CHEMBL2000393
1363	CHEMBL1972142
1364	CHEMBL232601
1365	CHEMBL327291
1366	CHEMBL456294
1367	O60285
1368	CHEMBL1991078
1369	CHEMBL1977041
1370	CHEMBL300936
1371	P11802
1372	CHEMBL1970873
1373	CHEMBL1977374
1374	CHEMBL1288582
1375	CHEMBL95692
1376	CHEMBL2000934
1377	CHEMBL7352
1378	CHEMBL1997924
1379	CHEMBL1983573
1380	CHEMBL129
1381	P27361
1382	CHEMBL2004716
1383	CHEMBL1090143
1384	CHEMBL1984367
1385	CHEMBL1965507
1386	CHEMBL1242569
1387	CHEMBL2001668
1388	CHEMBL2002690
1389	CHEMBL599224
1390	CHEMBL1989646
1391	CHEMBL1241492
1392	CHEMBL604712
1393	CHEMBL1976240
1394	CHEMBL1992555
1395	CHEMBL1968930
1396	CHEMBL1966722
1397	CHEMBL189338
1398	CHEMBL604087
1399	Q9P289
1400	CHEMBL1971227
1401	CHEMBL1969483
1402	CHEMBL193697
1403	CHEMBL1784637
1404	CHEMBL267869
1405	CHEMBL340776
1406	CHEMBL199528
1407	CHEMBL1976872
1408	CHEMBL378370
1409	CHEMBL1994159
1410	CHEMBL201511
1411	CHEMBL1992073
1412	CHEMBL289369
1413	CHEMBL1992323
1414	CHEMBL1242663
1415	CHEMBL1970735
1416	CHEMBL1986263
1417	CHEMBL78917
1418	CHEMBL335648
1419	CHEMBL1624529
1420	CHEMBL2002346
1421	CHEMBL53606
1422	CHEMBL185569
1423	CHEMBL348586
1424	P41279
1425	CHEMBL1993166
1426	CHEMBL377734
1427	CHEMBL347195
1428	CHEMBL337297
1429	CHEMBL1979690
1430	CHEMBL1977223
1431	CHEMBL1996923
1432	CHEMBL1971172
1433	CHEMBL1991577
1434	CHEMBL1995712
1435	CHEMBL245212
1436	CHEMBL485556
1437	CHEMBL1978371
1438	CHEMBL436137
1439	CHEMBL2006631
1440	CHEMBL338967
1441	CHEMBL319068
1442	CHEMBL1802358
1443	CHEMBL339799
1444	CHEMBL606245
1445	CHEMBL94678
1446	O75676
1447	CHEMBL1242477
1448	CHEMBL2004934
1449	CHEMBL1981947
1450	CHEMBL1242031
1451	CHEMBL1990884
1452	CHEMBL1999918
1453	CHEMBL1230790
1454	CHEMBL1979516
1455	CHEMBL1973795
1456	CHEMBL1990254
1457	CHEMBL268868
1458	CHEMBL2004025
1459	CHEMBL75680
1460	CHEMBL520144
1461	CHEMBL468125
1462	CHEMBL1967336
1463	CHEMBL1966501
1464	CHEMBL8271
1465	CHEMBL230232
1466	CHEMBL1992796
1467	CHEMBL1241949
1468	CHEMBL1972355
1469	CHEMBL1992732
1470	CHEMBL1993904
1471	CHEMBL514499
1472	CHEMBL301018
1473	CHEMBL1968515
1474	CHEMBL2003524
1475	CHEMBL221536
1476	Q16584
1477	CHEMBL178737
1478	CHEMBL2007124
1479	CHEMBL2000652
1480	CHEMBL1242207
1481	CHEMBL310975
1482	CHEMBL1986328
1483	CHEMBL1987745
1484	CHEMBL2002105
1485	CHEMBL398606
1486	CHEMBL212084
1487	CHEMBL201307
1488	CHEMBL491592
1489	CHEMBL1980671
1490	CHEMBL1243200
1491	CHEMBL1997764
1492	CHEMBL2002322
1493	CHEMBL1159468
1494	CHEMBL386661
1495	CHEMBL1972576
1496	CHEMBL118258
1497	CHEMBL363607
1498	CHEMBL1973808
1499	CHEMBL1997275
1500	CHEMBL1987535
1501	CHEMBL512054
1502	CHEMBL230654
1503	CHEMBL1989267
1504	CHEMBL380889
1505	CHEMBL410643
1506	CHEMBL340259
1507	CHEMBL1270399
1508	CHEMBL1988075
1509	CHEMBL1984548
1510	CHEMBL1682341
1511	CHEMBL415233
1512	CHEMBL1992042
1513	CHEMBL1988537
1514	CHEMBL208292
1515	P54619
1516	CHEMBL574588
1517	CHEMBL371095
1518	CHEMBL132169
1519	CHEMBL207544
1520	CHEMBL1957190
1521	CHEMBL1222044
1522	CHEMBL1242756
1523	CHEMBL2111784
1524	CHEMBL1242294
1525	CHEMBL410295
1526	CHEMBL2006156
1527	CHEMBL324153
1528	CHEMBL1975923
1529	CHEMBL1983006
1530	CHEMBL1999120
1531	CHEMBL2063926
1532	CHEMBL329274
1533	CHEMBL2001584
1534	CHEMBL1996649
1535	CHEMBL1765781
1536	CHEMBL2003229
1537	CHEMBL1968070
1538	CHEMBL1974254
1539	CHEMBL1242029
1540	CHEMBL1241948
1541	CHEMBL1981133
1542	CHEMBL1986588
1543	CHEMBL1997193
1544	CHEMBL280074
1545	CHEMBL492251
1546	CHEMBL1970950
1547	CHEMBL1990635
1548	CHEMBL1999428
1549	CHEMBL383760
1550	CHEMBL1242656
1551	CHEMBL1996510
1552	CHEMBL429743
1553	CHEMBL278819
1554	CHEMBL29197
1555	CHEMBL1242026
1556	CHEMBL1989423
1557	CHEMBL1989805
1558	CHEMBL1241769
1559	CHEMBL518060
1560	Q16512
1561	CHEMBL340384
1562	CHEMBL1090356
1563	CHEMBL1968868
1564	CHEMBL259850
1565	CHEMBL521470
1566	CHEMBL1992645
1567	CHEMBL1990590
1568	CHEMBL1965702
1569	CHEMBL131715
1570	CHEMBL325023
1571	CHEMBL1994669
1572	CHEMBL1982563
1573	CHEMBL562488
1574	CHEMBL1242476
1575	CHEMBL1969151
1576	CHEMBL433841
1577	Q15118
1578	CHEMBL1242201
1579	CHEMBL1966204
1580	CHEMBL462120
1581	CHEMBL514409
1582	CHEMBL1999556
1583	CHEMBL81214
1584	CHEMBL1970006
1585	CHEMBL340611
1586	CHEMBL231568
1587	CHEMBL1984633
1588	CHEMBL1996980
1589	CHEMBL1995740
1590	CHEMBL540848
1591	CHEMBL97822
1592	CHEMBL357490
1593	P80192
1594	CHEMBL1682554
1595	CHEMBL365847
1596	CHEMBL1971606
1597	CHEMBL1974363
1598	CHEMBL1241944
1599	CHEMBL2005216
1600	CHEMBL507058
1601	CHEMBL1996255
1602	CHEMBL1997909
1603	CHEMBL214198
1604	CHEMBL1985491
1605	CHEMBL384283
1606	CHEMBL1241675
1607	CHEMBL425834
1608	CHEMBL1985888
1609	CHEMBL2002553
1610	CHEMBL2005509
1611	CHEMBL268368
1612	CHEMBL1081198
1613	CHEMBL2152252
1614	CHEMBL202721
1615	CHEMBL1997197
1616	CHEMBL81478
1617	CHEMBL1241676
1618	CHEMBL1976196
1619	CHEMBL340935
1620	CHEMBL497563
1621	CHEMBL8000
1622	CHEMBL1190711
1623	CHEMBL535331
1624	CHEMBL2312646
1625	CHEMBL371658
1626	CHEMBL1998551
1627	CHEMBL1242574
1628	CHEMBL1964441
1629	CHEMBL1971534
1630	CHEMBL1982476
1631	CHEMBL206783
1632	CHEMBL1965387
1633	CHEMBL1980763
1634	CHEMBL215943
1635	CHEMBL436817
1636	CHEMBL1233881
1637	CHEMBL379929
1638	Q9UBS0
1639	CHEMBL47243
1640	CHEMBL431176
1641	CHEMBL363130
1642	CHEMBL436718
1643	CHEMBL1975503
1644	CHEMBL1091356
1645	CHEMBL2005482
1646	CHEMBL197538
1647	CHEMBL1241770
1648	CHEMBL408995
1649	CHEMBL1995391
1650	CHEMBL243518
1651	CHEMBL81603
1652	CHEMBL1992673
1653	CHEMBL1975921
1654	CHEMBL120185
1655	CHEMBL260092
1656	CHEMBL2152253
1657	CHEMBL1945559
1658	CHEMBL1975418
1659	CHEMBL233001
1660	CHEMBL1242295
1661	CHEMBL2000801
1662	CHEMBL1996837
1663	CHEMBL312648
1664	CHEMBL454440
1665	CHEMBL243298
1666	CHEMBL1241486
1667	CHEMBL1994977
1668	CHEMBL1202927
1669	CHEMBL81838
1670	CHEMBL2029988
1671	CHEMBL1241271
1672	CHEMBL1982466
1673	CHEMBL1242027
1674	CHEMBL1976040
1675	CHEMBL1986143
1676	CHEMBL488646
1677	CHEMBL1614725
1678	CHEMBL1988872
1679	CHEMBL1969102
1680	CHEMBL1242199
1681	CHEMBL507308
1682	CHEMBL2042135
1683	CHEMBL409397
1684	CHEMBL140600
1685	CHEMBL1968394
1686	CHEMBL142425
1687	CHEMBL1242384
1688	CHEMBL2002323
1689	CHEMBL1974480
1690	CHEMBL320574
1691	CHEMBL1997119
1692	CHEMBL1991180
1693	CHEMBL1242115
1694	CHEMBL1986684
1695	CHEMBL1994308
1696	CHEMBL1242208
1697	CHEMBL425601
1698	CHEMBL1980435
1699	CHEMBL1984206
1700	CHEMBL81809
1701	CHEMBL131577
1702	CHEMBL602471
1703	CHEMBL1992723
1704	CHEMBL1990162
1705	CHEMBL309953
1706	CHEMBL301483
1707	CHEMBL300549
1708	CHEMBL363058
1709	CHEMBL1997611
1710	CHEMBL131426
1711	CHEMBL204420
1712	CHEMBL1916359
1713	CHEMBL507249
1714	P52564
1715	CHEMBL1988805
1716	CHEMBL161832
1717	CHEMBL386637
1718	P41240
1719	CHEMBL1822792
1720	CHEMBL299368
1721	CHEMBL449392
1722	CHEMBL1242030
1723	CHEMBL1993877
1724	CHEMBL460746
1725	CHEMBL477817
1726	CHEMBL578061
1727	CHEMBL1241858
1728	CHEMBL2204532
1729	CHEMBL396377
1730	CHEMBL207718
1731	CHEMBL1241581
1732	CHEMBL87084
1733	CHEMBL1994555
1734	CHEMBL1241861
1735	CHEMBL407558
1736	CHEMBL379601
1737	CHEMBL44
1738	CHEMBL485053
1739	CHEMBL2003682
1740	CHEMBL1980715
1741	CHEMBL334337
1742	CHEMBL2326002
1743	CHEMBL80941
1744	CHEMBL2001613
1745	CHEMBL210390
1746	CHEMBL350084
1747	CHEMBL2338335
1748	CHEMBL484968
1749	CHEMBL483531
1750	CHEMBL1241859
1751	CHEMBL1972362
1752	CHEMBL1992644
1753	CHEMBL2005718
1754	CHEMBL1999126
1755	CHEMBL1998953
1756	CHEMBL291975
1757	CHEMBL127277
1758	CHEMBL460990
1759	Q9BUB5
1760	CHEMBL81169
1761	CHEMBL1972119
1762	CHEMBL263225
1763	CHEMBL525240
1764	CHEMBL2046643
1765	CHEMBL39530
1766	CHEMBL406375
1767	CHEMBL1241775
1768	CHEMBL1980329
1769	CHEMBL2163772
1770	CHEMBL489058
1771	CHEMBL1242376
1772	CHEMBL186290
1773	CHEMBL1159462
1774	CHEMBL311201
1775	CHEMBL104466
1776	CHEMBL405405
1777	CHEMBL131590
1778	CHEMBL1999749
1779	CHEMBL611124
1780	CHEMBL28657
1781	CHEMBL373882
1782	CHEMBL421947
1783	CHEMBL351291
1784	CHEMBL1981792
1785	CHEMBL279405
1786	CHEMBL1242118
1787	CHEMBL312651
1788	CHEMBL1242209
1789	CHEMBL125898
1790	CHEMBL1241270
1791	CHEMBL554993
1792	CHEMBL195903
1793	CHEMBL265315
1794	CHEMBL242753
1795	CHEMBL335931
1796	P23458
1797	CHEMBL23254
1798	CHEMBL1242289
1799	CHEMBL347466
1800	CHEMBL2007138
1801	CHEMBL1997041
1802	CHEMBL1991008
1803	CHEMBL1241390
1804	CHEMBL1242025
1805	CHEMBL1242470
1806	CHEMBL100102
1807	CHEMBL475817
1808	CHEMBL197923
1809	CHEMBL1242758
1810	CHEMBL410778
1811	CHEMBL1971485
1812	CHEMBL1988622
1813	CHEMBL31
1814	CHEMBL478649
1815	CHEMBL2004159
1816	CHEMBL1242468
1817	CHEMBL1998477
1818	CHEMBL1972365
1819	CHEMBL1080995
1820	CHEMBL460989
1821	CHEMBL208286
1822	CHEMBL8222
1823	CHEMBL2312304
1824	CHEMBL1241946
1825	CHEMBL151546
1826	CHEMBL411351
1827	CHEMBL553824
1828	CHEMBL1982167
1829	CHEMBL102301
1830	CHEMBL6291
1831	CHEMBL1242033
1832	CHEMBL144598
1833	CHEMBL386760
1834	CHEMBL217092
1835	CHEMBL1980376
1836	CHEMBL1967992
1837	CHEMBL337035
1838	CHEMBL81170
1839	CHEMBL76904
1840	CHEMBL47940
1841	CHEMBL1242751
1842	CHEMBL268441
1843	CHEMBL80843
1844	CHEMBL266969
1845	CHEMBL199755
1846	CHEMBL310950
1847	CHEMBL2001539
1848	CHEMBL2312654
1849	CHEMBL489083
1850	CHEMBL1779202
1851	CHEMBL1241582
1852	CHEMBL415414
1853	CHEMBL2086760
1854	CHEMBL338935
1855	CHEMBL365598
1856	CHEMBL1996390
1857	CHEMBL1973399
1858	CHEMBL1241767
1859	CHEMBL1159467
1860	CHEMBL383172
1861	CHEMBL1650551
1862	CHEMBL2002736
1863	CHEMBL523559
1864	CHEMBL1241776
1865	CHEMBL372657
1866	CHEMBL207445
1867	CHEMBL416110
1868	CHEMBL98350
1869	CHEMBL389745
1870	CHEMBL1982880
1871	CHEMBL2001477
1872	Q9Y478
1873	CHEMBL93559
1874	CHEMBL1688215
1875	CHEMBL177780
1876	CHEMBL1089082
1877	CHEMBL1651521
1878	CHEMBL351859
1879	CHEMBL1978656
1880	CHEMBL1242846
1881	CHEMBL1242379
1882	CHEMBL1241680
1883	CHEMBL1975927
1884	CHEMBL120077
1885	CHEMBL81646
1886	CHEMBL284436
1887	CHEMBL207235
1888	CHEMBL379905
1889	CHEMBL2002432
1890	CHEMBL303144
1891	CHEMBL319894
1892	CHEMBL1159459
1893	CHEMBL295132
1894	CHEMBL1985469
1895	CHEMBL337027
1896	CHEMBL97448
1897	CHEMBL81753
1898	CHEMBL1997892
1899	CHEMBL1242386
1900	CHEMBL95737
1901	CHEMBL485286
1902	CHEMBL381207
1903	CHEMBL370100
1904	CHEMBL517956
1905	CHEMBL568922
1906	CHEMBL1087650
1907	CHEMBL353795
1908	CHEMBL1290746
1909	CHEMBL235345
1910	CHEMBL23327
1911	CHEMBL112263
1912	CHEMBL1241578
1913	CHEMBL1271480
1914	Q12866
1915	CHEMBL2312645
1916	CHEMBL1972454
1917	CHEMBL78885
1918	CHEMBL1965351
1919	CHEMBL481969
1920	CHEMBL485285
1921	CHEMBL213207
1922	CHEMBL106966
1923	CHEMBL97117
1924	CHEMBL300559
1925	CHEMBL160030
1926	CHEMBL2007375
1927	CHEMBL225088
1928	CHEMBL1241300
1929	CHEMBL81315
1930	CHEMBL311906
1931	CHEMBL329958
1932	CHEMBL44137
1933	CHEMBL382822
1934	CHEMBL275224
1935	CHEMBL410659
1936	CHEMBL1988778
1937	CHEMBL1241947
1938	CHEMBL435809
1939	CHEMBL538718
1940	CHEMBL55394
1941	CHEMBL1970290
1942	CHEMBL134536
1943	CHEMBL188502
1944	CHEMBL1967538
1945	CHEMBL2004631
1946	CHEMBL280069
1947	Q02779
1948	CHEMBL298445
1949	CHEMBL296682
1950	CHEMBL1922224
1951	CHEMBL484967
1952	CHEMBL50749
1953	CHEMBL1242198
1954	CHEMBL16958
1955	CHEMBL131020
1956	CHEMBL2206666
1957	CHEMBL14445
1958	CHEMBL146564
1959	CHEMBL495729
1960	CHEMBL113185
1961	CHEMBL509435
1962	CHEMBL309733
1963	CHEMBL2010872
1964	CHEMBL311573
1965	CHEMBL60254
1966	CHEMBL2312649
1967	CHEMBL376967
1968	CHEMBL1972290
1969	CHEMBL2036343
1970	CHEMBL1242844
1971	CHEMBL154620
1972	CHEMBL1242750
1973	CHEMBL2004647
1974	CHEMBL2171124
1975	CHEMBL2004515
1976	CHEMBL1242285
1977	CHEMBL1272171
1978	CHEMBL1990212
1979	CHEMBL1242471
1980	CHEMBL28509
1981	CHEMBL246166
1982	P29323
1983	CHEMBL336192
1984	CHEMBL148333
1985	CHEMBL7463
1986	CHEMBL1242472
1987	CHEMBL1991867
1988	CHEMBL8091
1989	CHEMBL536151
1990	CHEMBL1242752
1991	CHEMBL175225
1992	CHEMBL354246
1993	CHEMBL464351
1994	CHEMBL430440
1995	CHEMBL564829
1996	CHEMBL1242293
1997	CHEMBL483532
1998	CHEMBL39413
1999	CHEMBL481248
2000	CHEMBL2001228
2001	CHEMBL1241768
2002	CHEMBL2007574
2003	CHEMBL335012
2004	CHEMBL1974574
2005	CHEMBL1995916
2006	CHEMBL112239
2007	CHEMBL53596
2008	CHEMBL453336
2009	CHEMBL1242568
2010	CHEMBL485745
2011	CHEMBL7775
2012	CHEMBL1242755
2013	CHEMBL55382
2014	CHEMBL1254007
2015	CHEMBL445162
2016	CHEMBL1241484
2017	CHEMBL345881
2018	CHEMBL1986979
2019	CHEMBL1241773
2020	CHEMBL290632
2021	CHEMBL1807446
2022	CHEMBL488811
2023	CHEMBL189584
2024	CHEMBL1973178
2025	CHEMBL39744
2026	CHEMBL53826
2027	CHEMBL211003
2028	CHEMBL293338
2029	CHEMBL153843
2030	CHEMBL1957085
2031	CHEMBL2312652
2032	Q00534
2033	CHEMBL1242977
2034	P49674
2035	CHEMBL214253
2036	CHEMBL1240545
2037	CHEMBL393929
2038	CHEMBL1933576
2039	CHEMBL185238
2040	CHEMBL2003514
2041	CHEMBL491686
2042	CHEMBL350375
2043	CHEMBL431432
2044	CHEMBL2001451
2045	CHEMBL374044
2046	CHEMBL1082152
2047	CHEMBL1241391
2048	CHEMBL1241677
2049	CHEMBL1966836
2050	CHEMBL213618
2051	CHEMBL2312185
2052	CHEMBL148471
2053	CHEMBL150894
2054	CHEMBL271441
2055	CHEMBL1242109
2056	CHEMBL1234833
2057	CHEMBL466154
2058	CHEMBL1242566
2059	CHEMBL1241587
2060	CHEMBL2004887
2061	CHEMBL529663
2062	CHEMBL321262
2063	CHEMBL523586
2064	CHEMBL435868
2065	CHEMBL345384
2066	CHEMBL1241439
2067	CHEMBL312698
2068	CHEMBL578601
2069	CHEMBL194498
2070	CHEMBL281872
2071	CHEMBL2007073
2072	CHEMBL117443
2073	CHEMBL476124
2074	CHEMBL403402
2075	CHEMBL437885
2076	CHEMBL1987143
2077	CHEMBL1985309
2078	CHEMBL1163016
2079	CHEMBL7914
2080	CHEMBL271190
2081	CHEMBL208048
2082	CHEMBL2007603
2083	CHEMBL2311100
2084	CHEMBL264406
2085	CHEMBL1241682
2086	CHEMBL301860
2087	CHEMBL434415
2088	CHEMBL1242290
2089	CHEMBL1242385
2090	CHEMBL1242117
2091	CHEMBL350143
2092	CHEMBL1766529
2093	CHEMBL309265
2094	CHEMBL319556
2095	CHEMBL598626
2096	CHEMBL1938680
2097	CHEMBL202635
2098	CHEMBL253292
2099	CHEMBL371169
2100	CHEMBL2064666
2101	CHEMBL407391
2102	CHEMBL246356
2103	CHEMBL423731
2104	CHEMBL1967211
2105	CHEMBL1992220
2106	CHEMBL1242288
2107	CHEMBL86771
2108	CHEMBL456936
2109	CHEMBL1986996
2110	CHEMBL1242847
2111	CHEMBL434037
2112	CHEMBL318650
2113	CHEMBL1813632
2114	CHEMBL337642
2115	CHEMBL237570
2116	CHEMBL311306
2117	CHEMBL1242110
2118	CHEMBL1243326
2119	CHEMBL2002182
2120	CHEMBL1933288
2121	CHEMBL273547
2122	CHEMBL281470
2123	CHEMBL1159463
2124	Q99683
2125	CHEMBL1982271
2126	CHEMBL131456
2127	CHEMBL80619
2128	CHEMBL421565
2129	CHEMBL1242754
2130	CHEMBL1980161
2131	CHEMBL95825
2132	CHEMBL81229
2133	CHEMBL97768
2134	CHEMBL1835870
2135	CHEMBL1242114
2136	CHEMBL373101
2137	CHEMBL1934327
2138	CHEMBL334360
2139	CHEMBL242237
2140	CHEMBL215652
2141	CHEMBL1933550
2142	CHEMBL362814
2143	CHEMBL386636
2144	CHEMBL132170
2145	CHEMBL291126
2146	CHEMBL1240566
2147	CHEMBL1976158
2148	CHEMBL519113
2149	CHEMBL1080902
2150	CHEMBL1076721
2151	CHEMBL1996604
2152	CHEMBL1668418
2153	CHEMBL288949
2154	CHEMBL463054
2155	CHEMBL1272116
2156	P09769
2157	CHEMBL101683
2158	P49759
2159	CHEMBL1987948
2160	CHEMBL2151321
2161	CHEMBL273187
2162	CHEMBL2002202
2163	CHEMBL1241586
2164	CHEMBL338956
2165	CHEMBL1784725
2166	CHEMBL1242034
2167	CHEMBL1242287
2168	CHEMBL479835
2169	Q13177
2170	CHEMBL1980904
2171	CHEMBL379849
2172	CHEMBL1242753
2173	CHEMBL338449
2174	CHEMBL282830
2175	CHEMBL1240565
2176	CHEMBL1242664
2177	CHEMBL483526
2178	CHEMBL429225
2179	CHEMBL1230607
2180	CHEMBL1241301
2181	CHEMBL413375
2182	CHEMBL438485
2183	CHEMBL310179
2184	CHEMBL574646
2185	CHEMBL1982982
2186	CHEMBL1241771
2187	CHEMBL395573
2188	CHEMBL1993634
2189	CHEMBL2208034
2190	CHEMBL1172957
2191	CHEMBL121405
2192	CHEMBL1241681
2193	CHEMBL1241772
2194	CHEMBL1241483
2195	CHEMBL1233654
2196	CHEMBL78618
2197	CHEMBL1242853
2198	CHEMBL390156
2199	CHEMBL44541
2200	CHEMBL75773
2201	CHEMBL127929
2202	CHEMBL79244
2203	CHEMBL245968
2204	CHEMBL519693
2205	CHEMBL351380
2206	CHEMBL337026
2207	CHEMBL1178727
2208	CHEMBL1242661
2209	CHEMBL195218
2210	CHEMBL1241684
2211	CHEMBL1242112
2212	Q96L34
2213	CHEMBL1242659
2214	CHEMBL162903
2215	CHEMBL1982400
2216	CHEMBL1994638
2217	CHEMBL86664
2218	CHEMBL82762
2219	CHEMBL1922225
2220	CHEMBL511410
2221	CHEMBL348943
2222	CHEMBL418479
2223	CHEMBL2001646
2224	CHEMBL325005
2225	CHEMBL39504
2226	CHEMBL1241774
2227	CHEMBL320575
2228	CHEMBL335932
2229	CHEMBL1241862
2230	CHEMBL522251
2231	CHEMBL99572
2232	CHEMBL1159461
2233	CHEMBL1271641
2234	CHEMBL28893
2235	CHEMBL685
2236	CHEMBL61867
2237	CHEMBL371239
2238	CHEMBL36432
2239	CHEMBL245377
2240	CHEMBL1241943
2241	CHEMBL1241583
2242	CHEMBL504547
2243	CHEMBL493937
2244	CHEMBL2338333
2245	CHEMBL349382
2246	CHEMBL323394
2247	CHEMBL480283
2248	CHEMBL424168
2249	CHEMBL1240554
2250	CHEMBL576989
2251	CHEMBL1240553
2252	CHEMBL1241683
2253	CHEMBL395080
2254	CHEMBL361708
2255	CHEMBL351295
2256	CHEMBL2001398
2257	CHEMBL2004033
2258	CHEMBL465465
2259	CHEMBL378963
2260	CHEMBL478629
2261	CHEMBL407914
2262	CHEMBL342767
2263	CHEMBL1765740
2264	CHEMBL322066
2265	CHEMBL272938
2266	CHEMBL408982
2267	CHEMBL517647
2268	CHEMBL350059
2269	CHEMBL1242028
2270	CHEMBL323601
2271	CHEMBL324765
2272	CHEMBL1985153
2273	CHEMBL144479
2274	CHEMBL162621
2275	CHEMBL1242469
2276	CHEMBL1242845
2277	CHEMBL223971
2278	CHEMBL51563
2279	CHEMBL1242203
2280	CHEMBL307152
2281	CHEMBL28641
2282	CHEMBL365318
2283	CHEMBL373751
2284	CHEMBL1242572
2285	CHEMBL95539
2286	CHEMBL1087397
2287	CHEMBL44545
2288	CHEMBL163269
2289	CHEMBL156776
2290	CHEMBL322712
2291	CHEMBL1241860
2292	CHEMBL310527
2293	CHEMBL1159460
2294	CHEMBL332575
2295	CHEMBL481968
2296	CHEMBL357602
